{"loss": -23.52303123474121, "step": 6000, "_timestamp": 1754984355.196873, "_runtime": 143.1715760231018, "_step": 6000, "_wandb": {"runtime": 148}}